ROI_Réel,Random Forest (ML),SVR Linéaire (ML),MLP Réseau Profond (DL),Réseau Linéaire SGD (DL)
129.9437346748755,109.08512364725128,141.54320202323612,115.52369454627679,136.83527652380218
138.15382175399057,139.61921336586462,141.06088343816978,139.09352433604724,138.4973674855156
154.35062507804852,151.75546634616393,153.70611539449192,154.62811167729834,151.48886555228074
152.49573087783966,156.69941641819537,158.09179135561655,157.669502819607,157.67264912158066
162.19274472693235,159.43643146012974,164.24828417951574,161.20998455528402,167.56256977236146
161.10519825261264,161.78851483462265,164.4439488947822,161.39579974086942,165.14458092185527
130.31450906179873,143.53594728292597,145.82185408113625,136.60929045156766,143.81161920701484
147.6068964534389,146.19320450631088,147.88321609748627,146.17130370863006,147.67130947301538
152.4198345702474,150.68507292422473,150.14591337094345,152.64125044003325,147.41733065379165
135.61430862115006,135.82580298817072,127.91570925336293,136.83231928942283,119.91506918155576
232.0989381390739,221.95703226166373,180.24104167203015,220.59057865299297,188.1075626220155
183.22507538159684,177.41604954014375,180.02920852720564,179.63395959908988,186.87159046852247
154.27002615210685,155.34185334402406,155.16460871798833,155.2884740496792,152.94040686895255
153.0150450609977,147.26047687507491,149.61895396137743,150.8175697292208,148.065733355908
164.43585829047393,161.44565811150306,165.60589364486924,162.31951421802773,169.3270943221569
203.5829892404064,193.70978841586634,171.1621399149682,198.98072965421431,176.36596144488183
83.64569978254247,89.90364599202822,121.79309642984175,83.87022051908063,112.61015967046077
171.2353636758782,166.61484435602185,159.52373474356335,163.7641740494487,161.07808088677035
195.8178100546553,192.15966571401322,183.36999699098354,192.25732915676528,193.90253418885143
184.22061726205985,167.72108902242616,163.08626690148526,170.5445875840302,165.52239133799108
163.4955174651612,160.0206096826345,162.20032281870417,160.6478003383621,164.3832818948089
151.51316274052476,145.304279632936,144.50046544481765,143.81198307864844,141.58563246541354
177.94883308539045,174.6951602788699,178.2176057134804,176.7652581560122,184.17441582830506
115.39482465165024,115.098890483454,128.94811402923852,116.84998145762353,122.90313837051838
127.6740810317522,133.62161520624954,111.7754512181516,132.5347474327319,98.60001509265453
176.8708174227972,180.51564361476855,176.773067172473,186.49957088839554,185.454518905534
189.3000705435444,179.6785433890676,168.47869775428882,179.3396656249064,173.4435577326759
159.93142614094438,162.7947763131815,171.4108089085098,165.56135465473304,177.19779296140945
147.87136538911025,150.59128482336797,149.08759581320902,147.47945519130138,148.3537401437795
171.4605151092409,165.7684430593812,178.7790910975424,171.3493227516236,186.68295368830942
173.71831383716085,171.9722063670797,169.57931807661393,169.59635853158096,173.56563192400924
157.77062165511978,154.21705782225104,155.20802280944991,153.93283947570058,155.71067270261116
155.3234792640123,154.78937862209602,155.98860659229126,156.81426147855794,156.75582829144415
137.95562982657248,143.13923440549112,138.27435572717567,142.76673321834173,132.80205206225511
161.46153066015563,161.79740833823976,165.32285452462625,161.72727616196744,169.51315535519547
141.31453912654436,147.44456985360014,150.16689393948383,145.55202650732357,149.3033526264905
150.439093150244,150.69646757835505,145.08884894242414,149.35298447690622,142.4301685161552
133.34637165396654,137.91639485966473,138.39704955824183,132.27798404674292,133.98153902655278
149.5784854412264,148.44479548834207,148.2471590284171,151.13403855234387,143.55012476884042
192.6227817760087,192.36322483653188,171.69061990605633,194.8878923996897,178.0888548824389
212.55999665942483,197.2648524617518,168.45797854357616,196.07327728052786,173.03925239066518
167.84644853332895,162.54495058723072,158.8146472458455,160.26588620202918,160.23714955653438
164.6362350428266,160.05687920243992,157.43020390206985,160.08180922062232,158.66574308578186
115.85442721362112,142.47545892228007,150.05896343944372,137.6956820612215,150.40769520854178
141.52680492760976,141.2054510608981,141.67962897591138,139.9098547496906,139.50656624608024
212.85889661190055,232.16982139540755,184.98179467281537,230.29386954500782,194.49834655072246
127.20537735658816,118.50988943942717,137.875705465716,117.34332850900319,133.78667896491118
165.72177782981603,166.45315698735806,172.46024014330018,167.76455465513968,176.99350952410725
168.22027950462476,165.92274003838628,168.61166352508835,164.19817796953006,171.71567721769412
167.27832451633705,163.9197774691782,159.9492528824934,164.6577675862777,163.9759994439047
115.59598886851978,111.85965090021476,122.34550330086401,110.45604528250499,113.31316399551528
177.9657154355714,181.2074359757578,188.27456842575128,178.6711199638338,196.94689927417713
160.23374401563788,160.5282579761833,162.65358951398602,162.70597163366398,162.27474215355048
145.0506428001024,149.46424399097504,150.21442278052643,148.4151318943677,151.54599906345913
130.66813583786288,146.33120929623192,146.9821662127628,138.5169650717832,144.95783120097337
45.79675516128401,54.63575691587132,120.3358970932413,59.09064011790942,110.12416651393445
113.26855068108176,106.9801293009135,142.9342714069208,106.62657057030543,139.19113560793667
113.92262449257122,115.45251273850988,128.32496855471896,115.7568009797506,121.57855599983341
134.4541898032493,140.0941362157078,141.3815926479018,137.75693479555494,137.2234290587127
124.24776409520572,135.673504794712,143.39333825265155,125.27612166991477,139.75626178061617
134.94095071595297,136.0439704707237,141.63143119839398,134.20156896864063,138.72009439804435
126.1157519799296,120.71669426250506,139.84659529916297,105.93177937117345,135.13118582841904
85.44942916749656,67.4421844964118,121.64687131501366,66.13451978215663,112.04394053438422
200.77161964645035,191.04418003122308,180.50267677891753,194.25585197498728,189.12772998763694
169.2490868026203,167.6804175271875,162.92117576071828,168.3311786470927,166.9659765672905
150.5540739158514,151.72553270541403,145.98247704055208,151.62243846897616,144.41571262371224
140.05153226715458,147.34767243826383,144.72424334375194,135.77693974855973,144.24672888304232
161.22065595370427,158.39294365696807,157.8313966934062,157.4909979284309,157.5490631570387
157.4754326760449,156.31545255434278,156.33973728189193,155.9094740387533,156.52725822317848
149.050074965683,154.3727447885209,151.21464772413856,153.89289797373644,152.00217038014222
140.23690213347754,141.9216238294421,136.63602203706478,143.2065585260651,130.24791070059092
143.97969077880887,145.0435607995428,143.7831208275449,146.48912001858147,141.68059121001923
128.14348618845614,117.66558735770724,140.6381314233722,115.30014691091706,136.23509556997035
92.76524942255269,101.63673750411243,130.71663278894974,85.61060462668799,124.8495436575064
97.62183367116415,91.91744684747908,129.22860701962156,88.07018029143649,122.95565973012302
162.2201290923273,157.22278264417065,158.1618012517012,157.11847895037852,158.93767735343937
138.86165536429715,137.25345398831453,132.2224053300516,137.42066121638086,125.07727134655366
216.00790686327863,231.68180205573654,189.27058004221774,229.56684265088128,200.80334390044732
143.0871726696007,148.7281208562495,142.44825740362745,146.1157462595903,139.75066520921806
97.19767576659316,75.64840489959658,125.91629456670557,73.22381883041422,118.07504410309177
170.6616045346601,174.2900623056603,164.91014863433924,170.06732024974124,169.0247311476208
149.0888549895955,151.63353227994875,144.3029113736664,149.21397041919644,139.70942347544775
237.8359182987668,224.34689844352272,180.64606105087867,223.8395879150685,188.7737013422265
178.91083637353358,183.20630070263837,186.70676308715844,185.99359197945756,194.13925791199313
140.59143858373037,137.12912333484496,133.020475188111,138.74130169020728,126.05904894074146
185.76359136803893,171.85063518424212,169.34688620775822,181.012157113192,176.13086848355144
152.36816406699197,148.21555633792593,153.66552880193547,149.14303828348025,153.37566428443586
147.33978787298722,150.1180864908093,145.69806392742234,150.93136695152768,142.26276253218867
152.27848663070898,151.6843762053964,149.72230667657544,153.46668484873692,148.7202360155728
155.4803468974049,157.1959260420729,159.84919674178198,158.560560649855,162.10062780722717
147.70796215114262,145.52152112443147,141.03419287629492,148.701179170352,137.63073890468607
150.6883200693016,148.0299692705206,150.42536117977164,149.81642090221638,149.64261742417838
190.5507705317071,186.96270263925067,176.0893941221778,184.67540281525797,182.8559988844181
181.9019558626057,175.1950402036001,181.12959905990735,175.81620282080488,187.2465083848825
156.64782780277355,156.7161305901595,157.81662109610625,156.39013980352485,159.20158594469646
157.3962046815623,155.31077494559955,156.5853797126939,156.57691770504292,155.91088708133762
157.70476860871543,158.38790826220531,160.72789915269922,158.37887467662856,162.97053944205499
156.71932535571992,159.37049783684512,158.08374706549546,160.23330821549536,160.04269740198606
163.3749564123699,181.41373634402277,158.02557219136838,163.7106337337434,160.77049953763154
231.87832189177087,204.7417954688127,165.65203614331676,201.01428536075662,169.26451192987432
146.35525165053426,149.2552588990603,150.05641183809377,150.95179873174365,149.58417172187833
133.00616149184617,124.49639852375411,142.02540611791332,109.08873614092327,138.3113439982333
140.46654570737445,140.6697638872808,129.00195359789876,140.97478922835813,120.25082075827972
144.08770390424067,149.42358538073654,152.03984375338044,151.9002018669358,151.9409103918541
225.25824381664896,220.90724888407294,172.6869661903669,211.950868546377,178.6884273082628
178.81583596091303,173.2643350981941,161.59704647421617,169.60547236208907,163.8476095127897
134.1085733144001,135.17992471097867,133.06991041979649,138.32787606104662,124.73282712922624
169.23200791001528,169.38546168204186,166.5158071543178,166.5374083892628,171.54445523653845
156.70915456845606,157.06918761526032,161.57964337629483,158.94078873376046,164.10301018790273
157.69139846575194,158.3318644270187,158.4418203820811,157.69414308879965,159.9612033768901
145.34035136458075,145.95935995894982,141.80978079729482,146.85568600317092,136.5089004200459
157.49256857202266,154.9035420089465,156.18610920593545,155.63066710694576,157.08194744613394
194.32945001491976,190.82815072935608,212.389467469828,196.236541710342,229.7026553564322
146.49506457359283,146.2193397606321,141.3289476606194,149.34374327390177,137.56371448640863
146.4694818433317,147.06867685868846,147.20048301632167,147.09779089081295,145.64496725664753
159.42190738249516,153.58777529565725,152.2647043319769,153.41464213218592,151.3632419399995
207.91959466532853,206.2057727368544,181.3437585084965,211.39545203219998,189.75855160124874
159.93366533770973,158.33646313498605,158.6096059205769,159.13876475309988,158.10417561570443
186.7720877289135,183.7220832285412,191.7866755756939,187.25627160137665,200.95096200987211
117.15881531690071,112.53363777847646,130.63903537467144,115.08685391777153,125.05358450591828
163.3791621498445,162.30172964524513,162.26310348005097,164.6682734556999,165.1967536597835
175.21605362127914,170.0011118298745,167.25459230446916,167.19493159134464,172.98583199034215
146.21433173983417,140.0009071828595,144.28020563130892,139.76509517714047,144.18645624681557
131.7190453763768,138.1269865265571,132.8981843254347,139.56696145562253,125.39190095693709
143.30229621402532,139.11398449151815,147.06334971823614,138.31497668391657,144.65878150219652
140.3074136631653,149.7200333126534,154.22637236651988,152.05193809928423,153.84226804632434
134.00062807184904,135.0414472959776,135.16016996812715,133.83625868685556,130.378671144543
191.2976350130019,201.43682063114974,197.80764677496464,198.933419042003,209.36571193431357
149.85766869302287,143.63444453873944,145.68466811919149,143.67659196147255,144.4474530474229
171.33813381916931,170.7383332472668,174.25489694300296,171.64278432674493,178.62319555829257
155.09835383962823,157.14100578728733,162.4654363248395,159.62952562920202,165.02938921438135
176.17135717317046,171.84478896921348,167.8334539606612,168.6886084312017,172.14022177472282
204.6546617269471,216.19378926226676,175.79529737355244,216.46986137770304,182.63706369519693
165.6744509910945,162.49994922811226,165.47047211157823,162.03698763869644,167.26708265665852
157.8660336909725,156.98545529402068,161.1626502641049,159.29014601833444,163.8286412561875
126.1121663250375,125.50147145393936,126.05013659916688,127.28106959561366,119.08264863824206
126.37119542345016,128.86649935917637,131.14235345184434,129.345435427688,125.75044985815413
162.16885952307334,158.21549354542182,158.106946094472,154.71662171850735,161.84669103129318
161.70150927767764,160.72374629293716,161.82649261313156,159.9068715535138,164.09311342489
236.8599705431116,219.19424431772967,176.35348977519808,219.4528568335874,183.06445500061488
151.82684725489457,151.13222564241497,148.89900543464498,150.25691285025047,145.894512189806
136.88340123957985,134.69027045415945,150.84568490297403,138.95032732392994,150.5457604505303
172.17940321241292,169.30947984606348,175.6368954310251,172.19765258600125,179.50347617739072
197.5573386386688,191.91073732120626,216.93545181433586,203.1999058459355,234.7302814781359
173.5722961497833,177.34657447927873,177.10425768425515,177.85902310456666,181.83101609997058
186.7426804324324,170.44772757431136,161.03682540076622,170.2070226169052,163.1327127715201
153.9617465603729,153.41118900388759,152.93432616394063,154.31819864127795,150.76881497063198
102.58432983058484,107.06608175425856,129.69061835912643,103.51137443916234,122.04252364000781
161.38315275581564,159.40460357980476,158.4256997513071,159.20536655666737,157.03333049396392
186.2636673108795,183.41358932471968,196.22273968900234,187.378256372906,207.06940450518377
169.2576431102646,174.2945578449141,171.1902015554989,172.7372391572466,174.442722019085
142.51896136610267,141.1675849689203,138.1962575269867,142.1155036306697,133.95513367079343
131.54782305424223,121.93082616935692,142.91500296963943,116.2491280452947,139.60869800587363
140.84477201304492,137.47784705923073,126.9134224952896,139.65031321336906,119.34266251017272
121.76160590910936,122.19142687896607,120.36875699244894,120.42328534002394,111.66776008314903
133.49347599402785,140.1435820467617,145.31987852193618,135.9917013505042,142.6567733627308
151.8243691663331,141.3046150713495,148.54513332576778,144.53952173390982,146.6325673002436
170.64742319932162,169.59824566571675,165.7984764596949,166.17514693308453,169.54311251360815
118.31108605766568,107.50888209835959,134.8653560522054,117.21725711031677,128.2079271523062
146.32031357969657,146.53848356737433,149.69932952166675,148.33033780452905,147.94999580208673
120.75295732074687,127.85088031725374,128.9633917377651,125.68187946867317,121.51619069714579
140.08480492667002,141.64228102203765,139.61503948726835,141.80585813998832,134.54580085348843
149.32290743576334,152.2563408537883,149.88880194462476,151.66652848378044,148.28591327887014
129.37775368152413,131.37442848264283,131.6087164871655,129.23637429825206,126.37463156200901
141.43734263817288,139.6595881458056,133.31321530516354,142.04558758240339,125.62855964078244
156.46610274544022,153.52968311450607,154.94353321997335,155.72274137925115,155.66629594653045
222.57691925674683,206.42064168917742,190.6928346213259,216.2008573839915,202.34797342413043
156.27579616397284,157.06827293356673,162.18558796363106,160.3744243493305,165.35229571917998
130.94337905421756,128.62493124995837,141.69390312812138,121.41160600770051,138.51748948809455
83.47085186230771,107.42491831608119,132.19251990124306,92.75731553804985,126.70272217384975
157.604644241915,157.22681590965178,159.1539207438489,158.2392504222781,159.53342463157594
187.9374103494916,178.16246917313572,179.58517650483907,180.97846356386944,184.66926391967087
163.99417100058213,150.72174196781063,153.11339124743216,151.28266423980145,152.60372257660833
174.7672386920166,181.129636279299,182.27722617839058,182.38912879583484,189.40357000730043
169.9280085678714,165.1307936942263,175.45156908367107,169.94257969932303,182.93999895770224
128.74548008571855,131.24793064099723,141.6841484771454,121.4034668008447,137.62508037534874
155.20184649856844,150.4491732380482,151.05134013506827,154.36664038550694,146.8570458802544
155.64453029016357,154.0016027650159,156.58788199331093,156.1052897018597,156.39953261851238
168.0099952943388,164.03348371346883,163.56175985365527,164.29483243806206,165.0288214675142
156.23298927869115,160.6162187509628,162.1908944942892,161.2266834586374,163.2419142270957
182.32524658050912,180.75423831681573,184.19951178744637,184.93900287934974,190.7295188471521
121.21605002559384,119.72259848284985,134.36761965322623,121.11821137369125,130.43596856467187
65.56414049930868,68.61408511355087,122.52506785316818,66.36367459579442,111.71717820819217
155.38341570157402,156.98986148083407,157.050649736901,153.47197686428862,159.85695690502428
95.57449128517624,92.21288781421212,127.01270371785402,93.86863505220873,119.02381339212936
132.38282488146123,132.55644257675965,132.94740034936513,132.0920815941596,128.32798387918237
150.65524660573314,151.5442509379832,150.88343636549862,147.53111060750766,150.92812781543975
158.106354623209,161.62259212321098,163.62002075154064,161.6574363067594,168.29317056679218
147.20882409739588,152.333908220856,149.12151219850807,150.29091576552466,146.62931935777345
144.94493713146258,143.21741640478328,137.95629250052582,144.46582401455575,131.58318196511652
140.01652231634688,137.98832411352822,130.1193611410913,138.17164519411472,121.627077356169
146.76697080021336,145.42179162103668,145.63543721070388,143.8726273250886,144.7087311303662
171.46022506477206,170.01622875073056,173.92755903532523,171.49234244466558,179.60569684107614
131.65241526722568,119.3808322614799,140.20834742128176,117.54852267733663,135.3457627959763
146.33811359078035,149.5683077533573,148.0125602267396,144.93380272382308,147.18800219487298
135.30014359029863,133.66095622149567,126.54960053342396,136.17500547146685,118.40820808037739
230.9956371856285,242.50103174472312,188.88295832532006,234.14172453208886,199.92559336601187
199.208479396883,195.275784205726,196.6431176144991,196.8581792915035,207.6939353460645
154.921866781262,146.98132197880278,151.02355976854574,147.8602172772663,151.62808860225718
149.1935927094444,146.30617303865145,147.3217972185039,145.5792355123775,147.46958813915626
164.10797103124645,158.53986938540604,160.445276113928,159.44315100105388,161.78898823760989
174.17941162202456,173.4355752482026,183.46333196582776,174.85525069217496,191.62669875516718
177.89381032389338,180.9798477419346,176.02776446579767,175.3472885116806,183.4851891099461
153.09654340569656,152.2328043942549,153.91744949989993,155.60400189048525,152.81036746676043
149.65548065139566,145.60152824816197,146.4089197798566,146.76660571639744,144.579859587798
147.27342143244664,146.26682390898392,142.14818850137564,148.07205799046275,138.5864192876102
125.65180226613066,134.60362611488563,126.07852778692636,134.00112265245463,118.10527700885135
183.11434861790892,181.92579413585338,178.62515942352655,177.70786816787844,186.96241041086793
170.40530960690757,172.1496963109892,182.20271084284641,172.69231882804235,190.5117257230459
149.22491491458504,146.7614872612949,144.01033878621826,150.7456897161851,141.01690279971365
139.87460965043402,147.4708641195167,146.57539343152806,143.38763400005203,145.54650269333993
134.98781121070647,134.06645290007793,118.43366303924257,133.99944175320718,108.32493269120098
187.5963717518096,187.5775211557215,173.24414009762478,196.78468133129476,179.6428049570191
161.7747365453029,181.15919098775507,164.58499152976253,179.00934575904503,167.87906979876686
150.67750372646802,154.87682208415438,153.88755758063556,155.0093093459965,152.9781879540213
175.62350889382293,168.24975758422326,170.69644191780657,166.86095024063383,173.8514635190201
142.76807929445675,142.09341064002726,139.00812020720716,144.82815986002052,131.7280089422794
153.1495334837586,146.33527960175124,149.40843585761644,152.55881679809372,145.20600773234383
147.76083831370826,146.16434903540002,139.93656136404007,148.49664879747996,135.3881705580853
145.154763437463,147.3037049696889,151.30053044279387,143.5608075157064,150.46616399803466
157.11230533529113,155.08200338095966,155.32534255047682,155.80041568216367,154.1414042861806
153.07941331881028,162.01761630909607,156.6070840777145,160.16233690784048,157.77735188129623
161.080600378914,162.13469350152934,163.38208642501846,163.5338312866111,163.7035598066684
167.22096422660056,168.9058997342416,178.2859490718438,170.7597299757398,184.89069016501784
174.76509936305814,171.6301232108477,177.63671024597005,173.77014192727611,183.76454382281133
130.94650297659257,128.43673137344092,148.94185228250447,129.54879236356598,147.0527382968916
172.51792937932373,178.53657314357085,174.43251584114844,176.90032837145264,181.9247484295871
119.70957703344992,121.37207213789259,111.95590724084288,118.85311249837083,98.18251548565561
166.22835860378237,166.63258995830864,169.57617576794493,165.0037631864952,173.6852494412824
125.95762515580118,130.2865873523784,145.54244854666635,137.89376114570842,144.63285502711332
88.28562949944433,85.78655633426668,126.31497205299942,83.45694486744127,116.82313488337158
159.79710506991313,157.3571256708227,158.10375009192504,157.27060078447053,158.77362671571976
120.89116124072436,118.00386792127776,140.01783199134488,114.07500726109832,135.37595606724648
92.2669405197864,101.51649463604079,110.260334130226,96.39852794081689,98.52298262517374
169.13610311445123,173.0663972633993,172.83517641693305,171.41839614763592,176.53855476255652
158.07454492806883,155.00854814770761,154.63394109763212,156.63102923789708,151.60766424480462
187.22546040274403,190.30375369917522,176.24968183401776,190.60406795858532,184.0220028834382
128.91583851826582,141.698700766398,150.81233221237983,140.61714652563214,151.26474805277036
132.76244198929626,138.16604742315766,139.25202956712343,134.88313520891418,136.1822649342258
186.8391476911488,186.57167448056512,197.56737449483046,186.76494028040761,209.71963481367018
157.91744356322516,151.75999389890785,153.80180261257402,155.47302812773242,155.27494097359946
149.98730989384785,152.07042160080155,147.87792278689076,151.96436474742288,146.47345846870627
157.1806239409468,159.7259768682248,156.93762061771736,158.94285243162406,157.75794557404373
180.21013626809645,195.897992459316,163.04104659459313,186.11732873926212,166.93058805128052
159.55798447005995,158.5179000973318,157.9118179045561,157.33538456153363,158.3064260363753
77.60835513446587,78.80602185159466,108.25054072469473,68.64285545656467,95.10049895019583
143.80010214324113,134.2865810993074,142.76831838272903,137.87893007952613,139.88169952284247
133.35423916015506,150.33740543101186,153.78758083830618,153.01218198599244,153.266259802565
117.22748790352244,118.09560492458792,130.94484625523043,119.14581262864091,124.88478756904848
170.29065098228563,166.79624608894028,175.1974216710075,168.29674278200403,181.59875618346356
177.77761410345516,174.98124280946362,183.235999774394,179.3410718686868,189.77868391519985
155.48703594955708,152.24764449208908,154.99632543557897,155.2615152584821,155.08358889264707
153.78098073555023,158.12816485935534,159.08797848594864,156.76819401812614,160.74020750016902
147.9675616268009,141.5086084531824,150.28668347121376,145.532064835154,149.1119870622456
143.2987014809497,175.94943009440442,154.54413104735767,157.69270332123213,153.8712398976493
108.42300382745992,111.92856678068601,121.88204695129306,105.02111130421065,111.69283602539701
125.77273259172848,126.42810635650557,125.79034423703789,124.12469233812214,118.21032298728363
190.18445660094025,191.75102703003722,180.6975883146637,189.85838976439734,189.578432226052
120.92962774046256,106.66506380330071,141.34853381767718,109.1039642754061,138.90968809530764
114.62844088343442,124.99601094384207,141.40629539665917,118.67421269738917,138.267288877254
152.42474382593008,151.47048217705185,149.38770742416912,152.37552848455883,148.23797673673027
143.59427258637604,138.9011430074836,144.66299519312884,137.9524333998505,142.22074675917753
175.9497596591368,166.5654133941766,170.16315789007882,169.8596166394021,174.16546529722714
87.82110279573764,104.67735943383188,131.79684858328784,97.36598678569243,125.43363844953853
171.53342494158542,169.79007994625962,179.56745886014815,174.46665495423335,186.799411388713
156.47361127737437,157.64800340602955,158.12589933537967,164.40410901726577,158.72932410223686
188.74077451079825,181.09919659398633,174.6406812281247,185.79558567311875,182.5814956815024
104.98132767657584,106.17380501430036,125.14327679755978,107.39683709132095,116.71419476302009
143.37369932306754,149.66710950380204,131.3962370575253,144.55336190773227,122.20284320153641
197.2222585500488,178.87583174686594,166.3472049389445,181.9172102046883,169.79857822519725
157.4339160276837,159.94623856848247,159.69478989157898,158.43837533855137,160.66298793497833
170.86009207194377,185.71002293620518,169.48004023043217,187.20701814334396,174.92425022906852
154.4376659823816,148.88361913177582,151.77864769094364,153.52966522823016,151.69779378659246
94.74198039254796,102.50122475048012,93.8417250770191,98.28456171828532,78.36852661810154
107.89429299588058,108.23239285115616,113.75116713471826,105.4520352347172,103.46336958905923
164.3076568380132,164.41819837294508,162.63670310163792,163.78761935733016,165.60572743135563
99.69466489692272,101.96927511603663,133.90297611928315,90.87202077706947,128.7227927250955
149.83866221125822,147.0290934087041,141.34336465480746,147.94841447897366,136.06637939884124
110.9327649090104,120.2669594316681,140.7151403496636,115.85232384154229,136.17576627623652
127.45465943899124,126.2402537367751,123.15433783192478,125.92143787116721,115.10900116551662
176.26270715460774,158.87829490019098,158.72910271286605,172.08859508773085,159.5807988961708
152.16290991435676,148.45469513951974,146.53284549910572,150.40985340401602,142.95165902664326
147.26301649043378,149.37263548956082,142.5757192533175,145.67103329082542,139.47031933614488
104.78244629744432,102.19388799298355,122.2529179912001,99.83923406471392,112.8272885472393
154.82712694443853,161.4316368343294,157.23918056339758,159.21304096166446,158.04017840775282
120.45626894837731,128.95862058428517,141.45168425741628,127.68126219785808,137.47645032643766
160.00092270652797,154.0685761484744,156.70412914850337,156.40948105941774,156.1451526668841
153.57569652632475,159.35985826202997,161.18096168236764,159.4032486253649,161.5346966388473
184.8969030988925,174.5185557358289,167.99953729873363,174.0283648300666,173.36469017523743
239.1064420295007,233.63291933175645,190.94206452673143,230.5186405542963,202.37070762046997
154.63542784063358,152.16773537436077,151.12370909207024,153.27270780448762,150.59280853612037
168.83994027894974,171.12950175819205,162.5596987226354,170.70643107923937,164.68510299551554
167.7423192971718,171.09218468096034,169.5795740477777,171.68122226842107,171.2087945796424
123.62851946859352,136.8280734451203,136.10670585688268,129.38755407208035,131.98317227013166
59.5630187513452,68.6679753062123,120.49274301452843,62.21962604668108,109.15164978679917
175.234382831184,172.26757252935604,180.1556725029592,175.03723963090957,187.31419345963013
175.16121964300825,176.3226079056415,170.41867647643173,173.6867834803702,175.47312025266362
120.00056058815886,129.72000905602627,113.35337204779213,126.70829823099466,99.92120300719134
167.24381986688667,170.091167566713,173.05132397458576,170.76887266163445,178.48001329802523
155.03051082186673,152.5098440948492,151.11702443219446,153.90428643060537,148.78250698929162
162.849269535504,160.29271591992617,164.75619286063912,163.2310693838341,167.43891941562558
154.52398204927457,152.55951478232143,150.5252802812893,150.90518036027808,149.72021839204197
140.30729965490806,154.67941426274217,155.68966209292014,156.1125018617506,155.79733518780145
188.61300582468365,185.63321146248495,187.75047753876942,187.71471091375466,195.617074270804
143.9305814729121,145.63018443426637,144.04971049938567,148.46283062806876,138.82932059148695
126.96121833904988,121.00634932919218,137.3837854267474,124.21142976247395,131.6397700212052
146.3717947649203,140.4402211433272,141.96039766639262,140.13551644189346,138.7384388715846
138.64206816512677,141.26027796047237,134.1643933502766,141.68942214327583,126.60086402912512
109.2596365380444,117.37846072327977,134.11025406742104,119.4954701054118,128.17341688602752
156.408522462668,152.0569379195154,149.42643524522256,150.35119488455663,146.5898653606907
163.6948794501444,161.82608209142072,157.40227826063406,162.78501793760492,158.5105305371981
157.36437827701872,153.96597525569524,152.99192189178586,154.11422127092678,150.4912663752841
152.74523885866714,146.82694532860165,149.51885235191295,149.33351924200545,147.72626441505776
176.13039399321204,166.9767927006017,162.0889069509038,169.98152162120357,165.1564924905471
165.5278508164804,153.2263326736595,155.31788164419962,157.53567137458057,156.07391628561243
174.77028317497937,176.32725801529585,181.1218971024918,174.9742035386998,187.74049730871002
168.13785839261948,165.66251748404878,171.58702897954086,167.67433278215356,175.79773154208155
172.88343325618877,167.09784313751078,169.49465172859433,170.79528123641256,171.0662434328848
171.02486975099467,164.71934405950037,158.6908041568144,172.84653475310654,160.0120082527073
157.25839339260733,161.87228284197144,161.20466514931584,164.05286794060956,164.31034507199942
146.26498830790993,146.31113071029534,139.6953285001449,148.50069049834133,134.03033045848537
133.19937618334967,125.30142567931298,129.4476420584806,122.51934606906839,122.73330153765252
184.63079422339584,180.75983614726167,169.88786872323465,182.49347622471473,174.45710954936675
128.37093656979704,121.5385848200946,125.9792208047169,119.08455836213241,118.17342994002813
156.8453141960044,155.13361896347254,159.87070101632224,158.50352834134898,159.9110201855084
174.52937818958597,172.64031124903096,176.86420972491382,173.86889478366064,182.50120474306516
150.52619405217396,157.2911630265926,155.0894901139107,155.49454060500827,154.81111105269687
153.6339233022821,146.8825293031838,149.19531662010982,148.4834798621396,148.6871552434329
176.82946533117686,172.21571518511507,178.2732351415924,173.160576477407,184.34756164172646
184.24631466431663,191.2040766624692,163.9756950607247,190.21151094589976,167.5111054723065
159.1757316913427,160.4717685142318,160.31837350832055,160.83752944150027,163.87843969171658
148.78354599629617,152.5549123776658,150.09154254955322,151.06638999572036,148.12158395616828
178.46524207453666,182.96921979312282,160.66986306590033,181.3786171730546,163.25562518862498
145.82184505253073,141.38129942220826,130.9125084322731,141.87035671222043,124.32234730077803
153.6829296295336,150.02280613533904,146.9339268875758,151.14162434380225,145.1506996134703
111.1640359340912,104.66849079641779,112.25191552241344,105.2934475294279,100.11618644879226
132.47130452805257,139.0579007665119,124.503350581147,137.90026796799276,116.65033525398181
139.05538870725363,143.82256490843352,145.3436620022183,142.82017543642544,144.63627345811358
156.50777994878584,160.5001603264731,161.97041975103696,159.82193570260347,162.549712715756
133.01256874065385,134.46873860715937,142.95828116206133,132.1210962327432,138.7049545008039
147.73563767749224,153.80379925900172,150.13675044979644,152.83810653614702,148.11902551153858
139.66302397487576,147.07470822558335,140.92873377527428,144.30176689214036,136.25964021250692
184.08350340529904,171.92725530964447,162.8954030238418,172.94236514419336,165.76315306197253
147.9914504260029,145.03708250673478,145.2976028236053,146.6490044595457,143.14613866925592
115.3758776535854,122.94077243473612,110.86637329392454,120.10964066040775,97.7330070692042
133.57816832762086,133.0322888983398,132.0135581085697,131.03627050259732,126.37344651544443
162.64849765859256,165.36344487100448,169.60556196771847,164.65297796994744,173.03144974715534
176.4475677844605,175.07684595018094,182.80471952302418,175.0696936975667,190.54144203548705
117.03939474542678,112.61407540706745,140.05784775435782,109.55471483489436,135.97671859295883
159.71477425964133,163.1229773770089,164.79041161180444,162.78751103700773,166.65702953901885
114.68961452836992,115.62578469511887,143.60180481917178,113.29490244342689,139.8400335210076
197.61662722310228,202.21547981828525,200.72938284790365,199.66250655817393,213.5479054569038
151.8945548435764,146.98299622685528,141.1949901018147,147.90040858038125,137.5032022744066
109.89812558554677,99.05126327929165,135.64758001562518,101.17070900433198,129.85049333576012
142.80210860491786,144.51008036607485,144.72651920983907,142.6299064502658,143.33566337550528
177.366472138498,178.5775736515096,166.58169997539602,173.26943756731893,170.3537563150354
123.62792081607012,129.17610085484728,149.7159436320875,133.6809814938926,147.9157126636155
177.55648569201392,176.50928007922093,171.77169395542765,172.6383266989732,177.3583787300055
129.07878245541485,131.28480226905384,139.2932967759577,128.59291751132173,135.22290403145718
157.24051296813775,153.1230703369733,156.88507454500325,157.55058564215008,156.47303998590084
158.815159976987,157.01972208308982,157.14964172806717,156.87561019507518,157.1943652298922
196.7795489786629,197.87769473189292,199.5951783973689,201.32393804072174,211.10178977398382
170.34697335376123,157.14226838769324,160.30476667596002,160.50913967618473,159.21236120246246
151.18486686132445,152.85813559154133,149.33246924087118,151.13363263676027,147.57166293555835
183.56681179907764,182.9704868982364,198.096829755472,186.1265996621502,210.45269038720315
187.07289241070296,182.9573537917914,169.84370017315473,188.25126933001755,174.6727292919407
154.38027509919308,156.29918148747285,151.8016259826051,154.16008654375375,149.07440309182866
152.88541317752876,150.63746044809196,147.1140106130479,151.8104796846362,145.39577112409899
146.5432953347833,151.14296814852142,147.05530841220582,149.17266618413285,143.70055605622687
159.17391963036508,160.46008429914235,161.89096034612226,160.00227075156343,163.72522172591582
140.03165702156045,154.5364864251233,151.98824125027267,148.35360988708908,153.09135092426013
161.58502224298928,155.00544848710112,152.99711122314037,154.0104034455571,153.63447291472318
207.57073223853263,198.9634918269169,167.92346803362486,193.04991774923636,171.98362923288585
179.27833888437016,170.2484439371272,167.83620169122023,173.13333247748884,172.04805383009028
167.24781497253932,165.08507572080222,165.2806768317108,164.63104337381247,166.7732005153386
91.20423667328014,93.00424235437578,130.1489203185659,88.4162438321239,122.38134777789627
128.6346434662974,120.46714674434766,139.69652960092878,112.25623399285276,134.71079262715105
162.5920815930282,161.5074682390269,163.63184135779056,160.72899190242032,166.24608940240756
142.43207320258884,140.65862928314107,151.27640466293383,138.88179852830314,150.77785408625203
165.48037638462955,171.52249169104198,160.6544650849763,167.16298117365264,162.63314716119342
122.68095963679116,121.09349371304866,125.98724685853028,119.51308168536039,118.32758804664533
106.44664022170952,111.57416252234032,142.75384595078344,110.13489432863591,138.92768664071937
152.65486767787553,152.07982038738368,149.48222626030756,153.31963686488092,148.74889591143574
207.7926955650828,212.37019828637725,177.47638177355606,210.08138346945074,185.92626244003372
144.8452924143496,141.93640141026697,142.90507290135653,140.8482133436128,141.6281633892957
93.27727640396668,89.21494104135398,134.6932511939923,87.36714478059233,129.21079395608496
143.10549104255426,143.84868025799327,136.92380713932562,143.28106986523946,130.21793704933984
104.4350894384188,104.28438233894698,107.72536127634035,103.42816732430792,94.97179899156214
157.91346670863538,156.2031606427327,155.57038838105743,155.56880241503046,156.99560355797598
163.0387767755547,164.41238404236117,171.5413998708942,165.77575235337886,175.33577093028046
167.41872973534944,170.57736203614698,172.70469462884637,171.6167946883638,175.81641683195392
135.39227084539314,131.7099611822313,137.75845776617948,128.78762859352062,133.35894392782134
170.07030354911635,167.82161825264328,158.2204383364075,161.65991193656706,159.26081779912667
173.8673747901911,185.2032042156125,169.99817310769419,180.98774943472577,175.51009397738784
151.87567505140152,149.2227146911591,145.19918375731325,145.71390044278976,142.61103055903243
189.2057535819774,182.55447595800763,163.7808678993455,188.4868711264409,166.60013169811512
164.3938593677313,164.7035986242103,164.60111281356143,165.33075503515389,165.31922188526585
189.713966713585,184.91792118574395,193.1465099981701,189.80858258461083,203.71455696131048
149.41447313531964,148.80619394680159,146.0820880097305,149.92059229346685,142.11085704577093
141.29253809807483,147.34558331378162,146.86892595879542,142.42872410249683,144.96534652915366
92.74314407606356,84.1497871849461,140.20696482494768,100.28324510365805,135.54431063735822
164.51881666423697,164.38688170300543,164.44250156081026,163.34413057021766,165.232732855831
120.37040361466585,127.16907062387034,130.16202805180217,124.0611964068862,124.0758623302541
166.6654103794083,168.18959923549843,159.24357649195358,163.7848438349582,160.9172003265112
162.16954813086858,165.8076858154439,167.61436097812623,164.43870736444038,170.97223533003688
103.48497072569678,107.98122314048491,135.24754866219467,100.00067908404104,130.67221081149512
136.75072130445415,141.14247790245452,133.39425034027252,142.84724935389502,126.0828666650299
126.30334060780352,129.0706587068455,136.36489526534066,125.31102520956169,131.1855454910759
161.6892854931071,163.76717161500966,168.52464329753047,164.1633729320708,171.42968119308267
223.20237378937392,206.96763660113174,223.2877844467239,230.9769882782779,242.50784728385312
117.22059092578247,112.4167753413414,129.806782761695,113.06642487512403,123.98184392153594
181.0294056352695,182.60411661338287,194.90770607725062,182.33993167168708,206.55115469603913
160.72021221504102,161.43627141435394,161.5885119393655,159.967496649631,165.61779082793933
123.47725969582096,126.23023066320995,116.84547965589313,120.77924114486649,104.8544385668885
143.8473289351233,150.76393544693852,145.7252850487408,142.906160380369,144.02708990036666
183.74284348993345,189.47959994165012,178.06285721823548,187.92671895788752,186.48648994836705
170.19321702447328,167.2308893084986,173.69801114590678,168.07683110309168,178.73402507845478
171.50298600360838,171.80523071637887,185.55208882150401,175.13673258100997,193.5730981358778
150.54227965680823,151.95319697494918,147.10565823312066,152.44742407719443,145.95681798137667
152.99392805568706,156.04143055063304,155.03165695268288,154.88395468734427,157.49015375377593
177.1837729899595,173.19159186548157,172.0286066295191,174.3356901849677,178.5713404943818
132.02590748359287,118.47278240246813,134.8865223745603,120.68984187241779,130.68236454953296
145.17060271001395,143.30056732816251,138.24429615937774,147.07437897042527,134.0677858118966
128.52781176158246,123.78639418240081,121.8433589917764,125.81930403539023,113.8374088677332
133.18243715944874,135.9662940232478,137.48090458371192,131.45670628034915,133.17306966709327
214.9617209751949,218.08169654347242,163.2904341484699,198.17116227745223,165.6608897037789
211.30324250226263,223.7485214482519,176.67582982226176,221.8869782381,183.27083878661648
138.7908262598879,136.8006287377506,137.1555452378994,140.15162412305247,131.7772775293999
103.64157777586932,113.03556092404915,112.92323460852509,103.31001712765324,101.92799720868176
170.71962307292608,173.96025753195022,176.0404762422038,173.39828073403817,180.61846265283936
155.03666522445178,154.04838710208946,155.2816231753163,155.81542012566783,155.30040775030065
103.6584836826061,111.4914028737318,137.6336527555254,99.74522840760646,133.70261007407487
159.90385406830586,156.95094988364622,159.0402125146991,158.6001769885371,159.68002960803386
129.20450995587504,119.0630015672997,130.4961961354446,117.20724156346469,123.8371132623179
171.9683712052845,167.9925053384381,184.02213793165276,174.08069325617626,193.4932678222801
166.27182286576902,166.13683940711388,171.68435493454103,167.33803556245925,175.97359767511992
139.37949018794802,142.62472755711286,137.41696682497266,141.62934564229172,131.05144136914885
129.0797981261641,119.46707963381017,129.2064805896353,119.12229447321627,122.72438851852715
143.876397282453,147.8345542624314,154.78085069923543,154.51188510307804,154.37624937002914
143.38976677647693,143.9406200788015,143.48619179234026,144.5076824078466,139.8864270211944
82.02191607594293,86.43009739569963,120.34722357689503,84.0488949645049,109.74437030543535
160.36456470124344,163.3098099249191,161.86896602330384,159.734616853416,162.72232940603456
154.87389145652693,153.07613788276626,155.502187867732,153.63269122359677,156.96140074434055
168.58639603232524,185.40591928508036,162.27235089662426,182.45346903881116,165.62212352750336
189.01048315366663,188.54920646336305,185.7080569821061,186.3602235672927,193.05309664063716
118.26177742710068,127.38857595201071,141.69042318427498,121.6103391412385,138.29287943463157
150.17051993406287,135.26756971357648,152.29679541274982,146.89266898328964,151.96603580892233
158.66424611590597,155.3728031015199,154.0365918713626,155.01665406054147,154.45044921616991
148.5802648950507,142.0402084807126,148.25489755565226,147.5504438019075,147.16320323128758
152.5631582347626,161.2302566336777,157.1076291914332,164.9423630864828,158.1642548893822
160.02431334428476,159.2062138023405,160.8248375711987,163.6780736668966,164.11338445248043
156.5582877734198,163.98642294494303,161.16674975872937,162.1590395272618,161.26621861654385
136.4537981882528,140.96562295216785,137.28338230868803,141.78493619544068,129.5585014395394
154.35658037658015,156.0734545147811,157.38648294305878,154.7273345083493,159.41124466317504
130.5327764617051,133.6526553704668,131.26386638307184,130.71774180554783,125.29558333364383
138.80643708218298,140.53943996265124,138.5052061915777,140.7180243428542,133.39417234338626
147.30379371242492,146.12990452018445,148.61240227940817,149.04921986322114,146.3660063449928
157.9001992851679,154.29789673061674,159.59425645711124,158.38098025869488,159.6546968732419
170.54204589065168,168.48764518950728,171.1577616194494,166.2489060181284,174.5881176054121
161.33227095970898,157.9549314211547,157.6459561504233,157.99639770693474,156.49577435638497
123.34426917047897,124.79877750181372,125.86130984539462,122.2999972367495,120.48813256677752
147.40877173510407,169.6475873074557,156.36308530944842,165.21593150372732,157.4662462632742
151.94819294905264,192.48534989859488,161.06971271587395,186.33649649016152,162.60619802555735
242.3857966804,225.92159746600905,178.15122864809078,221.4115693529548,186.0483342298532
181.45913189943815,179.75392425056273,173.93818144072893,176.38794866869287,177.6112065754362
123.16420215320048,121.52589617997351,140.62702396844867,112.83722791388008,136.70595965991583
196.3870897840949,192.37546451513467,170.24292933067542,195.09292999566202,176.6132839972575
134.8936633363373,131.9348350160683,119.89196198774628,133.24410278086813,108.26785145798905
148.95732724738951,151.7642893097139,148.67786200430268,150.76767978572732,146.62403727961672
156.39318726886862,153.68552081013672,154.48465382769092,155.32048248807286,154.79486811899798
126.57235452527424,126.06886699327657,140.99811632949476,122.50919871981503,137.049655858476
165.47580246193016,156.40176147895917,156.25932026678169,158.74955252020456,156.391019384467
176.95095570756325,176.09861372271905,189.66815113376913,178.68703449881366,199.83545896349875
212.6423161198449,205.77664564002632,175.78956092884061,208.24638106928663,182.5143415064283
167.54109389265747,167.5323243554313,169.41917349602318,167.8531468138364,172.55007360458117
151.93591044455687,138.73784706097237,143.96789951784885,142.46727700616486,142.15458920531836
120.2556598269871,123.74024320780097,123.60395174646858,122.31537972425772,116.40807125656389
133.5290810962445,133.52395965496623,123.13919996634593,133.38606814958504,112.54671480909086
116.23303069000823,123.82121065221465,135.52646863941038,121.15253567880328,130.14130615931853
159.8860437458,157.26138939019205,160.85040111099198,159.2117576829606,162.662645830603
131.03119057453304,124.44663986891246,148.48414205209428,134.5465762539596,147.803519625774
167.91646267988625,189.88895378659694,159.6778217295334,179.50359682096285,161.19589984905383
161.78238865719038,166.05522889031238,168.42777005858184,161.62300209393297,176.14195724874978
165.3968671885889,157.50250889967748,156.36703952739458,157.50975817681075,155.66289536359162
158.14660389514265,157.7387071200539,160.4316663183019,159.06731703114687,161.54349345298132
158.4266836629127,163.52942184438132,162.53877942544736,163.73396681677738,163.76074229316015
133.4174181965971,130.2225056115121,149.8540606464944,132.78871908139993,148.29837665908886
151.24913128717174,151.36630679448254,149.37138619770576,150.5898573833982,147.44322395041928
156.6551050073292,164.5307086997717,163.77429378538153,162.52072691904758,168.0821789847527
141.5660494125649,141.33504010965646,138.6980192766037,141.4833206600603,133.05741660692112
157.1177306059836,160.57153310786032,163.12748626993493,160.70734104300354,165.8503056555371
135.75829552549493,134.3368611737032,134.603050375654,132.74187301670565,129.92458889687998
169.48644221486902,168.18980184696923,168.39528747495862,167.47273251533673,170.72119119905076
173.1020192501619,172.00752801564823,181.47855969483015,172.72269149697763,188.88816569704758
169.16322074210663,167.35708420270356,176.50839060270786,172.3992136002395,183.1861674359369
143.39919868736033,146.7330981211958,140.31679478482735,147.48208285795846,135.04509225199894
152.0307707066608,202.3269416725264,161.41912011508234,188.90268790354017,163.10753351582468
151.0969728877791,149.17602019192339,150.23277056914137,150.66334456414617,148.56238410754358
151.76120784841837,152.98208509788412,152.28526962185154,152.6342264300405,150.5366986549294
168.8180640996926,169.17295486325028,177.329035063267,169.50974540494357,183.85455107725542
168.9113272756854,173.43337144732314,166.5098140420072,168.46608064383562,171.56900716033863
156.01427417884207,148.60991052407024,153.2872812217955,148.59817741753605,152.6735462557618
161.22315529685088,163.11790347593683,168.8899210396372,164.05848493214566,174.74093539186586
164.794103160307,160.465737726301,162.57367331778656,161.49325313489067,162.5698968899526
179.84616533375743,172.7708824309528,169.08407798154977,170.21269115412932,173.94885500078422
150.96842285494375,153.83101098728358,155.0540969392326,155.22404593930005,154.3574169188572
171.88323948621394,152.45719953237253,151.28579365713148,141.9560803044602,150.11972551172857
161.2601921750066,161.48739673434272,168.65299898337472,164.1835630178423,173.2602617884159
153.66290967204205,157.7824704636468,158.25916275882025,158.58420033317358,157.33211109502162
145.70652731324475,143.53654316921327,137.85966998903226,147.1169993536566,133.71035969731432
123.29500825263008,112.92715362878485,144.8383991205458,113.29710347994423,142.02453229752018
143.9388147794661,143.55259361308143,142.64114899062605,143.7116178372706,138.58228500345254
187.985247791473,174.5667319856463,160.59684997546984,184.18168822074918,162.51747302945185
135.0236105267048,142.3306145919281,131.54935214452007,140.21836897705242,122.27528032337784
96.70095172949024,99.94214465024663,126.30328859520178,90.64143777685156,118.80996744873232
189.3566522516932,188.79401117910948,175.76349074246008,198.0461327364058,182.5034250375115
180.30834137673983,177.8072648499432,183.12883567939278,178.23836515741593,190.20182762945365
110.9657708765928,116.60829300214246,132.38510535967902,119.90921766886888,127.23246893277508
168.65693136566188,164.0982010008186,164.7620086145765,166.10335707404428,165.06291259716033
107.78551247113472,103.08994828401846,141.76047154857562,103.37531163494975,138.17190095438534
113.47032940730304,119.55145788376034,132.27730929832538,117.37258091788023,126.50296696488121
153.02884095470571,159.09209999260182,156.10645947159261,158.72266670455102,157.75296191744062
173.14184510986996,184.19697916895828,160.9690934189859,184.0405303931837,163.46626993023293
139.72582029924288,132.3219997803744,135.52632478515122,138.59325348480544,129.2856451570656
206.7944430637424,189.9855712491564,180.22062677338752,190.16474151674666,188.75680463498134
147.92946913381252,141.52065270879615,143.01849644665242,138.00458010877716,139.86150038269025
173.3113851448379,181.65558474059122,177.5806283972587,177.16509255803916,185.76515945548763
162.6862558191991,155.52187344503935,156.49603937047405,156.52050430862425,156.11033429768193
187.4190713883665,187.54209304086436,183.0018517662038,186.87810880486975,193.03738011808997
177.61375970222016,207.34001348218874,161.903531307013,188.3784039484518,164.17952909341415
111.70206479933957,114.94609400407589,132.17676034968412,112.42926777332815,125.24887330533035
161.28122369222845,164.9990786526032,161.4241326770324,161.89496415583065,160.8727646330257
174.8071353434818,183.46576120721576,178.63818336700436,180.4341598845776,184.53672286688484
150.41081593357632,153.37683258527238,154.336537884673,154.22535951495857,154.19929979573155
153.28280343866422,152.13664233300426,151.0427215718052,153.1293091673025,148.6121151092666
183.49290873831865,182.85670646136893,193.48644735099276,183.3431615976385,204.09822994799862
125.3993299326325,123.0705798188544,123.51502257490012,117.77097024425086,114.52191576260876
162.3336324261752,159.16262297678017,163.28694765137473,161.07579673822877,165.39864863427292
178.17588564355856,176.0884217118876,164.9910812724559,175.96373388566525,167.95744648815577
155.56011514593584,180.29429359263295,157.27696523861562,168.369579647326,157.58806888003502
178.7854842700252,181.26446384988242,183.40828100651152,182.82458043110418,190.0735848661737
144.3034950529563,144.7659996087957,137.65079460790162,146.2664388032978,133.36500035733377
166.28493711011654,162.74293487937902,168.75719217349578,164.08238305573875,173.53273696089212
145.89008573820576,149.27993771237982,145.20143470274445,144.45451979185762,143.1637430018531
128.1451395468434,128.2882385011794,122.88752624311239,127.41700835569074,112.98831148286575
152.62041074648235,154.58252806888947,155.5375664094093,155.09210389398473,154.62572402736743
143.33318576736153,143.14074522992888,150.80834631751213,140.1103307455667,150.17915271096774
137.54814623621075,136.98456632185741,128.45061454904436,136.47756641878826,118.95096143794981
163.32662085630182,164.5038350805683,162.99901324075293,163.65132165146227,163.9121632812891
151.16968236105464,152.58277836148693,151.27198405648383,152.1458852141861,150.3093709789102
146.84753772926553,150.3872824652079,146.84162668313186,150.8604025080251,145.73393805039478
130.80209631193202,129.48528068927254,141.34864501145316,131.43640406410495,136.79988353592356
166.97520150726345,165.79080872442353,171.47742137728136,166.7622097904244,174.86766114639036
164.97100496194153,168.31101382503672,172.6675117937616,170.6482685581258,175.78271055594462
145.91940759756594,147.30540823980056,142.80439583423106,147.1875012305768,139.3184760131806
149.63117255704904,144.07926341181943,140.5197300633146,144.82111981206887,136.09358028127247
158.67215158451825,155.91998989069313,154.07181770988655,153.7759512877342,154.41107046365033
159.8879950900985,161.43665660865065,160.76877356558185,161.18385635455223,160.06716488158924
143.67430804887636,135.47379755426618,145.01520367394752,137.01382185552433,142.31003522549025
100.06025777501202,113.14026240300764,140.58001188810672,108.59172921118464,136.33770044444393
153.86736489800924,153.28423869992378,154.51642791026876,155.5450467138587,153.97668244403167
166.98446886307673,166.33462919821648,171.78148233914402,167.83264501267092,176.26472009545367
151.94396168024815,176.88234856841314,162.3794560951018,172.52201700314677,165.41738473758102
129.02833206573496,112.93593730525336,144.45678520472907,116.26565579201655,140.53131693103578
215.96396329710484,215.7483108590237,189.41838246952335,222.14388540078554,201.1758211954047
160.71311208337303,158.95411644560804,165.90908269213264,162.39891033410223,168.72422902599635
186.8404759317937,183.24927187898106,193.91979166096178,187.93797585115638,203.59687128333775
173.1203382899788,197.88733784814085,165.8806971633144,193.95775193212654,170.09396108188244
174.7968681210085,175.98773067656043,173.58973594157848,172.31481798621007,177.39259400112198
168.65506427171346,171.4144696307404,178.25043484393825,172.84447810979245,184.21427058099889
128.1525061020478,132.16586627282936,131.52094122216934,131.16713148080905,125.7176948392437
181.66047846749677,178.95596719478397,165.81634511945487,172.75323624471807,169.50858613153304
155.76203901892566,163.9189819370723,160.05377147097485,165.25005329050535,162.34269112105596
182.18683749582644,176.2334217497099,181.50559673908327,175.6278324650196,188.14082455089513
163.40171221413382,162.8877610445553,162.58866016843223,163.13198830101516,162.71768482989827
99.1477604353918,107.16363369068486,135.70172154793318,94.72485803144914,130.99556938524253
156.57679525851125,154.70193064132192,155.20458871928548,155.78087160014658,154.89287012719163
159.34467337335855,154.88004227266165,158.41874133423104,158.00284806400705,158.57599856127757
163.08356797923963,159.65197632803935,165.78247894215022,162.4786788328835,168.35788238018517
162.4385975265521,162.51200204241863,165.91508037937314,162.03695780524018,169.34424494476147
145.82277047431666,138.56193259972406,142.8656966515297,138.163474384097,140.91318457106536
76.12100477302494,74.12194020526293,129.56267469029925,74.19016611964126,123.12971823214
165.17778728800292,202.09283577317686,165.52476149814547,198.4296273093078,169.47534173323493
153.28476881288725,153.38812558493308,152.34024044161293,153.98808297567402,150.64671411801862
166.3619146961003,164.54992805352057,164.55654466589104,164.3639253539891,165.34702364436345
146.57766836269167,145.88584440403324,148.27217614423648,145.86100518621126,148.68244603789927
158.96291752512707,159.09335412983972,160.24007691223994,158.8483625583338,159.8343233194276
144.22907045233956,145.30781578333986,142.22361867348047,144.88063359255236,136.70660464722343
164.7359643726082,166.98366322415342,160.65691583074764,167.9171429658533,162.63787557132537
149.08313216111853,148.33404269888226,147.38818696267376,149.0394513439961,143.54554100262067
183.80728775018767,180.58364480172702,172.79270394652465,178.29283842406446,179.2852015669676
206.7535973579364,204.73391092934446,189.5909849798839,206.70052557682928,200.96741262693322
61.199545193228566,66.10427309890176,126.07681363247008,66.09844916849316,118.20736437319917
189.58328819089783,188.75562769132307,192.86125364273082,190.42982771201625,202.69853827342553
160.19981122495497,156.97525573818052,159.18914692419392,160.68730264462732,157.51475574235246
132.05067376297364,140.62517938984556,133.82915609367834,140.7252786871314,128.65814057100508
169.21825407384628,176.9035486298273,156.84568406125433,166.25645500687605,156.98449423003572
190.14529385019867,192.3015024408543,182.74071144959404,197.5707441804947,192.46932396632323
191.0316218521726,183.38782731574602,169.0991236919536,179.09817739301835,174.13523172063668
180.3689418845309,180.9916929231944,178.5512632338157,180.11528805942902,184.6686714283044
160.22985574899596,155.83988503958315,159.58585305982658,158.68605994500473,159.96417374770826
196.5167117172232,185.0881398679146,168.4882292155133,188.69484211456054,172.92766226424095
99.32443085079046,97.90077578895645,116.63551303088742,100.96581837932688,107.07833575937272
140.1942327578656,139.81613080764154,128.03963607693956,139.05499209615178,119.9388973953308
159.32895048201027,169.2966314530158,160.26416767074943,165.89960247357456,162.11265032571268
137.27820899544244,132.526971144076,132.6220371908441,127.7344191350896,125.87223261089287
153.38340564184352,151.17235129617117,151.5424827500529,152.26811556464756,149.23296515377336
156.02503218092843,172.86463130319524,162.05501105060338,179.92763125571472,164.74778943661627
156.312290107077,155.2228400640107,151.85732617843485,149.0000212375173,152.18439396509018
152.7682266777323,152.219171662697,148.30787058880298,151.7434763235802,147.2183447629803
179.98200266609257,183.82885677222654,186.34606437796512,185.5537947850613,194.75536885290666
196.14700885701004,196.81317411228815,169.33846799183823,201.64935234311852,174.76358183958402
152.99226585974202,153.08412050130428,152.5486607631341,153.06716507586637,150.31065903377862
145.18924699622912,165.0855892884059,161.47140356787276,175.45435927252157,163.29859188097345
127.13815836100532,131.43102312106882,124.47918968069291,133.10324434674507,114.46503302144218
155.1050960847521,153.4089237808907,155.0810905586663,155.85880574544703,152.5544015159464
171.09410024103096,164.94768282713127,170.29772136030064,167.80134715987978,174.58701604721733
145.7749948296745,142.99302535834943,140.80010335654546,143.89068833506863,135.83920346120885
171.45075794320977,165.63724369551935,173.02622968374405,166.7846899861887,177.9813111457297
167.8968756204774,171.67019498022938,167.1774200967605,168.4333781955177,169.96726016769856
169.61519902517884,171.2191979498956,177.7627452854876,171.00315772309634,184.40336383291384
154.59968628876442,159.37585330141337,160.6305641028375,159.21937583973428,161.3604450864892
128.2890410417957,130.00065216681512,114.13328164902083,130.28396814941433,100.9898806689106
154.05955220660218,153.94546479199013,150.25514163094368,152.76616106196118,149.9138765791908
134.92850223978877,126.9646781706235,139.67353985619744,127.71521286074763,134.92440787414841
155.94025125793422,151.40411571482366,153.48321568921708,153.94055721956084,152.31099795600807
150.9756179040703,149.2035967275361,144.50517241702667,146.8300703229165,141.90724162158858
141.88987197042383,145.6251780612332,146.2054137232698,143.3903181726448,145.5660973925995
158.66914329499113,156.3209802272293,157.2598612332927,157.07067101124247,157.07416783496427
158.38117551546767,156.58268803751164,153.87566866194973,154.00009312761776,153.19430246579722
142.36547081803275,145.73084296844948,144.7369932051475,138.57537332916368,142.03386784966779
159.8197709911068,161.94308171129163,156.0212197492529,163.2461459677149,156.54238272435632
144.93675415585966,142.0075037078424,140.04199286025707,143.1019518219118,134.24836937705572
185.2095793890267,180.9333525459776,181.87470255690502,181.86774630697073,188.82693079159952
173.5875807802313,176.0436747465353,181.8338495285399,174.27511192952701,188.9286096633453
156.30770424678806,149.56223610857657,151.7598986222607,151.9499826896076,150.74722303245312
172.2008228885658,172.42570241221694,184.50232531903853,174.33092398328483,192.78686354543618
128.24094107811865,118.95943909914673,123.65736324715228,113.6199532152794,115.00583401197977
160.61990760310394,158.8343645917911,156.64504343051888,154.4174284535183,157.81299013682244
115.6018842871278,121.93775287476336,127.11152562227787,117.76677345254471,118.88520254319356
154.2298008731952,135.54883011628567,148.12808063742935,142.69296087051274,145.71621342957502
172.3424449623824,172.28124282356498,186.6758376059808,175.69630117033384,196.0121047389702
160.28453838927345,165.84153790496683,166.0047622913201,165.80418909774588,166.70198841312066
167.55282379456867,168.5170510696713,172.31762041139072,167.19391050586685,175.77836452051258
105.00062064526676,108.6147909812607,127.56766233192526,110.76323342676248,120.6128678530838
188.48653503380064,185.24379272752384,201.7363767886422,188.73665977762047,214.70313943448826
185.1827984982254,188.235727219965,163.32602456624852,188.2205596518362,166.46605995297145
181.82044651243135,189.50586294568052,182.39290795760184,185.38808256965936,191.34218223356066
135.514265416436,129.73652326693136,138.05346260119035,130.78502758110426,134.91543421956615
229.7235098504325,201.60989583019276,170.66091093478687,209.28074103633313,175.565855860357
175.74248438160288,166.42644900853108,161.02130365166707,168.06967432618123,162.7554549171841
148.70719285324543,145.206353651231,139.43617674581665,145.94666617708364,134.0521228071396
144.77446845115543,142.69267622553073,138.0963637368634,142.51654492388002,132.4089226337111
163.08812144484622,150.16850884183816,152.87740228516776,151.20584081240534,152.06494010830542
152.64086495268404,142.19495769671582,149.2444620393256,143.48231522983136,147.73849490283996
155.06769653895623,154.57078831786345,154.29337991734099,155.50320086294815,154.49205784676863
164.1083346029695,159.65010349422312,163.25319509738526,160.6727665838299,164.07233867761704
181.32593743401992,176.87422212966626,195.85611800849907,182.50421213449218,208.03850420164775
159.118518962865,160.08142728540162,161.4136172853867,159.92084980534392,162.74523086623577
182.207420201058,150.0800386526269,155.43421478800758,159.98201242333502,155.9778191855162
153.89259697100417,147.91924939102555,146.72600720203272,150.3990055696228,142.75130496779218
158.80298501200377,148.82162276308424,151.57520920324504,151.2794503521488,152.17968136315199
147.38478751228192,150.49355583287624,142.49710849425605,148.73216084597547,137.39537130904952
154.20256638371558,158.11956170752464,155.67921488615096,155.3478325794733,155.43615248580613
151.21716621269647,151.72137338265648,147.804987798613,150.98855892102043,144.19308106865887
153.2964449405843,153.64953480894684,153.38252435714273,154.41358107991263,150.1828709671544
160.4099616525267,162.43952761763813,160.41715720832187,171.38539869774306,161.79774495485287
143.1320950040294,143.10462189962814,136.16549103536704,142.81241389996632,130.87273296314999
135.74888075762803,132.44492549537918,146.8410765534242,126.23058130574132,144.89946148092386
156.7095707291841,157.0825823358364,157.834362961887,153.8523646357809,161.2672953693924
164.31689716596506,169.45228935130135,171.1965829171537,166.9233261025051,174.77298676138747
174.555060929105,169.91949904706615,176.03173094073287,171.52552589934587,181.55246754007123
212.74172267929123,204.85485190710435,173.09131493902842,203.32974273829566,179.48074606478093
163.06110179764752,163.81286351570827,164.97930996210673,162.52016892207672,170.3095576161232
132.47404696166393,136.95653583221895,148.41230966690085,131.46779219103524,146.5112784859406
192.8970911039984,177.83703273083046,165.04838864439492,183.49405908742588,168.78673486314898
165.40609158883234,160.94862359519354,161.240536363137,159.19268839270782,163.44871491755546
141.15340652677554,140.42411835085136,136.89860584836126,141.97666290531194,129.92119548676453
181.15746078174988,192.31418749647685,164.82820457721039,194.77295796117383,168.46250526686026
140.883461525421,142.92937914409558,140.04390649282809,144.1554336728535,135.2631332672908
180.2098491569541,196.94956157705536,167.07207659882283,202.96707290963604,171.2592225349566
162.60901803568254,165.01315927739984,168.75774339102347,163.9573775145541,172.9582431870474
167.3016239538663,165.25472623176648,158.25755831913514,163.04675144680647,160.7522629561193
158.35367350890314,165.84660881700285,165.17505702207234,163.99240500456378,167.56451012381248
166.64974869794804,168.02669326961058,173.91292538849498,170.3342630463465,179.45270644848952
175.92567341104365,177.59187945590824,185.06025385156778,175.97999492712788,193.2453749113161
157.5759650279944,157.19688344424574,157.32831733455492,157.7768080284178,156.02536746331918
91.49406651739427,128.672339845416,146.85817536114277,121.34630146495421,144.20716495817823
111.9250990898628,118.74336543820867,122.90857211658799,111.40872440439894,113.75875477513105
114.47686989826566,107.07513883072586,136.24288471579106,109.99872808562542,129.87591029916186
151.00383579904377,134.40368614283642,149.16103511865856,131.85898052817285,147.77557172638492
156.58223480109976,155.44331319643388,157.73163616378278,156.9873867502238,159.04305169864958
174.09909571701013,182.31330949584796,184.27987247222694,182.61777044070635,191.55000239972037
137.10282317191428,139.55883850359015,126.77764078942623,141.409973853259,117.72239313873287
183.7116675087433,184.19432735771693,173.52788523748808,189.26813667437776,179.2777547906409
105.79318793955,112.31723051686329,123.65742130656275,109.57900094711546,115.16132284330695
170.51933680476222,177.3701705280677,172.53724114787482,179.2221604873551,179.16231339218862
177.5884036095359,176.76468802085932,172.94577402567873,174.97674325293661,180.1955488985319
138.99916831142815,140.313398284414,137.75419340135224,141.19434815534396,130.7876365513295
152.077691423497,153.58678280109746,154.92689684424218,155.17316646111712,153.8658196620031
176.0356450183448,165.6462135457336,170.99448699859738,166.6009316658755,174.94500397118708
182.78627168295864,169.74902802377082,166.61967376343125,168.3233894424283,171.28470336038458
175.2970572653058,172.82186005203002,173.74247884891867,172.93527595652654,179.30716773989755
128.5782270983471,132.07557363664816,136.62275028916378,127.47178123150461,131.15834697935193
143.13375751506464,140.34206662891987,132.0463753888746,140.13709510536998,125.26525251719752
143.36298832715414,142.91821658474385,140.29380377595186,136.7019111887349,136.70634749043654
186.08848149358263,186.09099480717998,192.26775999590222,185.7934769966743,202.59814670094482
163.4986846937194,161.84954584716056,164.22921850918706,163.01873375029479,166.728612484137
172.59592336198716,169.30112686027934,175.62091792433816,171.54540636069945,181.34565459761677
152.95667271417034,150.09766375653535,155.47617514379786,154.04063656949373,155.98473710925836
182.04797628094963,184.88464975255752,185.8410225595022,187.88820620344362,194.32843153834392
131.5915756863926,133.81675875967602,134.18688541118112,131.92288405007153,128.54261113288894
171.89476949462698,171.70534766122074,184.0016572126081,173.89187010313861,192.6480632289201
161.40101695426833,163.30207698285957,166.9943382487177,163.87650976548363,169.59287982998785
157.43047665443913,156.01945212305486,156.46640926856296,159.91237388266083,156.95917833452708
142.15951320547686,141.4521743521521,136.098295869656,143.90040172020164,130.17333220262853
161.30132418668396,163.0189017477785,171.58384300350298,165.34816242492292,177.307532361167
105.89323797310396,120.7040514471524,129.48568064652477,115.75876428564108,124.19829495096394
163.46240126352544,167.4012604678934,171.56022187347216,166.3912840963608,175.65737272840022
146.24828669453396,144.9921859118943,143.3992271769997,147.28045226877302,138.73829197370574
136.67593310244837,143.15076437006775,143.5105033824038,143.2270789653089,141.59466827074627
133.29035827742993,128.78572026855846,128.57947135310334,129.74948375159602,122.58010707024211
170.1815310684052,168.94832203226935,177.2403151416845,169.16795940949888,184.12515668277868
141.6328746501689,131.84538752930033,149.07861032457936,131.69719389262218,147.86594731967315
162.26721817885434,163.42691101679623,169.5728451754327,164.70386398285714,173.1003467875319
122.48479439584084,129.07830593596816,135.51365265838143,123.78260987542943,129.45345689537578
197.7798285504603,166.16022631780663,162.39936238524209,183.43472791236988,165.3932871941764
154.66013580449533,156.51480075396,157.03905181065338,156.46051010351178,157.58398963845192
147.46136452421513,147.73086492443247,143.73392215680033,147.3149756713818,140.54020396014775
140.96568150653124,152.07728202916928,154.0641989575642,154.36263876364376,154.2352834096884
108.66038300251924,103.14426200360596,139.42868061759825,102.44008885205858,136.425772917225
202.92938082153512,190.25998056938417,177.0577256975159,192.15483703738337,184.02162827198862
161.17428979993934,163.2919417315262,160.589665339532,164.55539843283347,163.09957254207066
209.1197816797425,214.1889812644904,188.0062830630293,219.2137182536546,198.43357365624135
137.822064238175,134.84686214055796,136.11669575103468,134.52479190463274,131.63038723296035
179.27811706526086,179.29164478648545,177.93800394272233,178.8722857914997,183.4971023773765
158.91536511185498,163.81686349509067,160.08597045594422,171.30750599405596,162.3399480973621
155.16276288318926,153.40435427531796,151.7191994432973,153.5413492097393,150.65520016384846
196.1886857678741,189.79217919713582,192.14466411338077,191.53946855730814,201.59518456349178
131.7337200392399,133.19230482580988,116.04240267336368,131.63097366246748,104.92160451004636
171.43676046464034,165.6163028548956,167.85158216719344,167.27192506218842,169.24728970895953
135.52939057412192,138.32007002407036,133.745267977502,138.90448479639687,127.95240800808085
192.09066983342328,193.76967000151905,194.03026062645472,194.63664087263672,204.4704797558107
162.40125583704258,154.9610315833657,156.41377320048372,156.34567119104034,156.09662809033128
188.7714174113989,188.71558164911355,189.44360399055563,190.19292174695664,197.71353872077685
141.08198342505924,146.96259184186795,149.02046339562972,147.0061794402118,149.41733971608335
154.11175539583357,152.97275777385224,156.0643271608635,155.40117012160715,156.2282327430959
149.47960110017314,150.24841205613117,148.628670245943,150.15280949156298,147.2126166254616
208.499742814301,206.6600247426878,170.82264120980892,208.30616575541498,175.90142464240023
203.90846105221732,194.5794896028418,179.16423434973188,199.33045590009465,188.0538736277139
146.57414154777976,147.5656396293961,151.1248046060295,148.77657778673296,151.62585930609907
143.05388910655128,139.67241326499354,134.60864821236405,138.9532224948582,127.28364778549381
158.80861073535976,153.40965610293372,155.27071907728447,155.0240512194671,154.71740664304957
135.8035323952895,139.0629242170713,135.91007737927234,140.1646383610412,129.47520788803402
140.8035352257785,129.9739912872747,141.85125266997937,125.76478848004906,137.29723709682418
180.78278738665367,173.9921593480479,192.66269065692563,180.0895486102822,203.51314022950868
158.70202473621794,160.39838147561838,161.69736614323696,161.0545301306914,161.0099530857103
161.8639439380149,159.19057761351792,164.46216653121377,162.13630467344743,167.35566571707756
170.9401426901316,170.7710000542743,172.36669710469243,170.08089480723388,177.47436635151612
146.9139297530228,146.14925008845205,145.5311270046041,147.27351556975518,141.07579792031441
124.97640293604708,126.94706911739762,126.54495273568654,127.69198173947251,119.2760369534484
171.52436370203742,168.3215979213404,174.98495869322682,168.8733768483484,180.47537531980365
134.99654542409155,130.048810068717,130.82298281043495,128.58883548814416,125.774759462476
150.38355989750175,152.9242487746963,154.34063112031998,154.88805095879152,154.15193412970305
202.1212850829246,214.4894041958344,169.66104252065782,206.68251683312087,174.68269243652452
179.85238884188658,176.74507756356226,175.6339303612396,176.29136408184968,180.10134152397094
139.38124685833438,139.36221124616029,138.62166135076075,136.6105962799268,133.6650575262547
178.34335104675014,178.81284090549886,173.15424776138457,171.86703136915997,180.37902535262378
174.251901090622,177.6802177802804,172.59495163834316,171.9415172360559,178.74319655592222
181.06322914505876,188.65323236358424,174.37842991631763,188.91661191310368,180.92848696664322
142.5621629327159,142.62567026408044,133.0543507702297,143.01329367088567,126.30036983719955
160.24053925957455,160.70794235256005,164.31405757925967,161.07449847797372,167.68809185555995
180.46812853036167,177.23363613286955,182.60092444307628,178.40474240850313,190.66502776685343
152.5869222692779,148.20061837481526,147.58644272598713,139.6057995200048,145.69829519839936
144.60912469878315,144.89732190961752,144.95728011800588,146.85106834312157,140.42187550020958
165.4687778840338,172.28488164366897,159.82977036607943,167.24827590480365,162.64932994252368
193.4813195839643,184.91790480098902,160.1645795859925,182.27379261065678,161.60186068619535
151.42181842180096,148.05289971475588,146.74233481511519,147.79204280847227,144.63059438096448
134.71096728439883,145.3241402696152,140.8350053486749,143.3893372093042,135.86936367361065
147.02704963258756,144.56823575426475,146.54939823407756,143.81672853471005,145.98470058659814
145.01872774086405,144.78639682291106,144.23602034144218,147.6888072730296,138.6089239553857
192.23707405386693,193.65029063186483,191.2995875301788,192.06878925426466,200.88783799552638
166.9256830032424,140.08581220767002,154.79814057492757,157.2300410417029,154.20261273302435
175.10153491204187,168.84200627014732,164.4308385910998,174.10683264707183,168.11519203916862
169.23991942221295,170.05328655823672,176.03692980516155,169.30447592288996,181.7878265175685
94.09709605959438,95.88659271344099,122.77390638125019,91.02346721782659,112.34165686982566
158.65573249171027,161.4836298472385,162.17235730001582,161.102136803697,162.8783139775712
162.83929355874926,155.6511420316313,155.46593115509884,160.43997477643452,156.4064977026987
158.29866571372594,158.22162455914398,159.4420165003802,159.76284927540402,159.91594326549287
161.80000403607107,160.41680110612842,167.36024625505502,162.74576589784294,171.43324069455437
134.9554429744143,132.30583317746027,127.5866990719887,134.26388059709524,118.11756719999705
140.03933355283294,141.23059441354732,139.39563555459847,142.16934680852876,135.14233140699383
191.7776121736044,188.1344594788843,184.91466767819117,186.39835143057272,192.0002177178793
84.30671407107681,93.1412377487487,105.75077107527773,86.93636986159167,91.75116905746833
95.63988368239124,111.98869877549602,139.480303646398,101.71048054309571,135.75574215257484
163.14958363725484,161.01503825304889,158.50970200264624,162.31088777581544,160.0180069061112
157.689844756058,171.71804823720845,159.58493352788594,163.66187250410303,162.2241558469252
159.338827389583,162.1998999502861,160.53587444624222,160.3517040170589,160.39161241317782
144.94966269194194,145.40492573893832,139.3952135514803,145.73296785323916,134.23283861951995
103.49094959097786,110.00911350970435,123.46819513087374,106.34638163362489,115.13397628226696
172.38443841212984,172.4774869702071,179.18457838041454,172.39919593942636,185.2363331906448
163.8732470195327,158.9243797676181,159.7028857866216,162.76135673368995,162.1793249506377
161.02259094043734,158.53955271787387,162.11937213267132,159.9464797904765,164.21246542540226
208.94512034783776,204.5158001138586,206.84361388882846,208.75878032751413,221.01732071354226
158.87818328309103,157.61563158546332,159.02617014696835,157.89679395001713,160.3880556465607
171.5144346205294,173.87915963968763,165.32116304214196,177.56729549732518,168.39911644836374
150.97780635937096,146.68823716841564,149.4473744624682,143.5054757332992,149.35166859491216
138.10595403273632,140.43151558743122,143.40406560858867,138.12556717935226,140.300322562986
195.1070093719029,162.22174482582125,157.2360149671038,167.11040670987705,158.54195972823598
121.9628260934198,120.59084344409276,139.49630273365548,112.17229339517498,135.7034959641732
150.6167289442674,141.09484729437222,146.80366160055982,142.5968073749201,144.5330071070367
192.49814384601723,192.29825995828537,177.19889813948416,191.83414379347445,184.60585253566128
171.7886217832903,164.08018791700502,167.24635275112834,166.70860797237503,169.82417414510974
146.87789777622947,149.80958324056724,145.81604899464872,148.27363597433902,142.95058087875768
116.05748808724532,110.07012315687587,124.21751659207735,108.64701528598398,115.71759659139674
230.05556421935316,214.0418508752988,189.24331686145564,218.29049351239357,200.0780403462877
196.37423824977745,188.1283314013643,165.93845119799852,191.70765914482496,169.04399535801764
177.14209953020537,181.2125472339543,174.54175704407268,180.18486187485396,182.1161927784158
195.61216373903997,193.3084063261554,182.14634057677364,196.17516917921748,191.55931765708675
193.12855220748784,201.00722909116718,186.44991143431784,198.22934806598587,196.87723770484448
153.00333454263625,157.54432563336368,156.76925818298207,154.90196263021735,157.8498197887772
142.64405899298882,143.7439978776779,133.90320831924606,142.42197432651668,128.27941715384986
55.18430277655704,81.12241552725955,134.10670122579725,84.24368781539073,128.34270064090353
166.44724066954143,169.17116841159515,178.80192459340913,170.68508497098972,185.61901262007652
145.99481468484794,145.7971524406822,145.05389880383441,148.99308895769482,139.4630446316791
189.5052468966128,184.21014444492522,189.45266038011593,188.72403517986677,199.40445610950067
185.3135931004029,184.6738950368333,189.05203300032153,187.44188797255666,198.7304471953703
180.58484643307943,173.6353303916232,191.4335603473281,181.01237258436385,200.81970706985385
142.30999512392063,146.46873959239684,147.5273459981396,147.7777989124139,146.38368873507474
133.4867961052462,131.2362626137287,126.07875726280454,133.89390084528875,117.62143960194015
147.66483895647914,150.46243992069375,147.95617131295057,145.05236333435155,147.20979487621577
169.57756257001856,169.0678454725221,175.470063915676,168.46944988426245,181.7218607029636
156.3587103404667,157.58999643556578,158.1333637166741,157.24439855338096,157.39964753959595
152.10617902742246,156.88689849756972,153.09604486130158,150.5085030976957,153.65016126424254
121.78617473148236,137.79210770029067,151.81218585117324,141.29547114216112,150.88808534405035
216.82646881989947,226.08336573592393,177.95513220792483,219.26832584642383,185.76757795702306
192.8042940729776,185.55403831040442,180.20525140356148,184.39792573308364,186.62591210741442
148.99268686514878,146.71714642331023,142.61270070895304,148.30420286752948,138.28640210830952
160.36084226402696,160.31749071683564,164.1216584585871,161.43079789551757,166.07021149529075
148.30300335352266,148.54458915131443,144.42015034586532,148.075296470922,141.9013821381949
170.03640089833695,165.62303357310785,181.38945173685522,172.31091559092565,188.43843155563425
164.6914729879936,165.67556048427977,169.13000686943468,165.1132452697764,172.74204029726516
187.64382927847024,179.51148270969006,198.92453596167485,187.43298181285883,212.85567718307828
160.01727972160808,153.54176136404217,155.24557651866886,155.88658494556387,153.60993213043974
163.81337125501588,164.25042190964032,162.5395724427828,159.49979956962065,165.67840125980678
167.16405685441998,169.27765125211783,160.64362788710108,165.85264204243228,162.28833699794436
181.01540737515955,197.54933661188505,169.199231709295,197.7545063607474,173.38675836419606
158.1861331424319,156.33880764370352,157.72833952821213,157.38703075145204,158.03069646071387
158.85847146775342,158.89056827345792,156.2799099062312,156.60263997991288,155.80568765223995
206.1301386021316,209.17757388477324,189.63817222492494,209.93084310539444,201.02218752999082
130.23134261331094,130.4651369570616,141.4420999461881,130.8345469901402,137.67300675066858
167.90168375607414,161.95088328832645,161.233775283028,159.59643259051134,164.14592087438862
173.20142308219587,169.91721318967137,176.03806774012864,169.37999164903502,180.93618303515834
136.44671907948947,140.98857203944706,128.67929525138595,139.78995650805322,121.23290203570298
192.95006064222872,188.97280106286473,175.10488320272663,184.12504736020776,181.51314399928737
102.2572009063544,100.43224888859348,134.5103491719299,101.2456024195276,128.23703102058712
138.4680095406193,143.24099256882585,142.65134909044616,140.9750360207957,140.6533191646127
157.60519087835527,157.1536678390601,161.7142416500614,159.1947082520385,164.21804538239468
194.62114814892888,175.3028627286321,160.5650060518586,172.53580884174855,162.6353338512993
143.5917204205645,151.68974578102802,152.29991272244467,153.14499588712377,149.90975552187572
127.77419632269802,131.15513915229891,135.50575316933433,129.57270393065195,129.60646615072523
141.664209773393,144.26813019185988,139.8491100273604,146.2250318977573,136.8753831006721
90.04575018216019,105.60934446758682,121.97086668091816,94.18585778785585,113.51482223041134
151.45840987793812,153.64689904323225,154.7769033382451,155.01295050489935,154.0284602429371
171.70040864143985,171.87668033937953,165.70596369269225,166.45215207911318,170.56759647698263
135.65097973400526,137.45643293078425,132.78978979625055,132.34637582754175,127.1211200098868
181.8139962153245,178.3048114791765,175.16557045665772,179.0998109465772,178.5451216278798
170.98237683903392,156.7922759609769,156.84016627427485,158.4848593797835,158.0100435244253
147.30461398106064,151.2825844191582,144.32791619072168,147.79974989168446,142.39362488618423
172.47644586995423,172.02024364289224,178.01764108808038,171.3098900911351,184.68072235828978
150.997558105412,152.75187916571895,149.64761493583865,151.848010740066,146.9868962245621
149.9611866664862,148.25326367464373,146.09318313815757,149.82794320419163,141.4602603528069
167.26808358466107,166.92771816184043,161.01203181389974,166.48507789362483,164.18412971611346
175.96853958642066,179.02693580876073,178.5356535235257,175.7895488546517,184.44058810875694
160.19128510720986,160.30358979546946,166.9779526434477,164.08225485333745,170.6450834826016
155.80716628894825,161.0337106272141,159.9339410507015,159.13875414933432,163.39110781122557
158.43392789864018,141.45226400545087,150.93228899317177,143.3745516769971,149.56451485636362
162.0946042903949,168.1903953269814,164.89598558447008,165.14814509692874,165.7994124723178
192.13597499941483,189.34358514310614,184.80741574615445,186.74734869853756,192.12075468226496
187.87450071236188,189.58215873098055,184.02260909256134,187.2812625737085,191.35662590615925
137.99166436670785,135.55896988548886,126.51064004292897,138.17289500717638,116.79027414356509
195.90768022665105,198.6863816816424,169.2856795678525,202.25082056647616,174.35595299141121
83.61612166068258,106.70212725702095,142.23060503502433,104.5521801993036,138.34870800959254
153.19990611167668,152.96825308083174,155.10191139551634,154.16803330357052,155.3935775638518
111.28035329908374,110.70692975672937,136.1122739878334,108.59075098069135,131.81498251046543
175.15981144873368,175.56980861823632,170.5980068306876,173.38159988555873,175.92985668667734
144.96547525302685,135.3440932230785,142.24511805283822,136.56728224557511,139.78842584618894
137.88398393782347,137.8700634727699,127.0097731597038,135.4185666789597,118.6919141004715
142.00075346846623,139.9045049922759,135.44137647693992,140.6558627192289,129.02889783848346
151.06313685851333,157.9227703630403,155.46416602800892,156.75019426590214,156.34260126426489
109.98602820791524,118.0628617506447,134.5407229352415,115.72364706148853,129.658386935026
159.9916194867615,161.3820516486537,164.26965045740488,161.30402342112885,167.51539435627197
168.92292174028566,162.5648092278272,156.23070449375635,158.35304094456396,156.47723489065737
121.64411341703088,120.39512589249145,124.10504014350668,116.8586780101251,115.66345709153623
159.33963227969568,160.3446650562532,160.45253903033418,159.3507064180869,161.5588104447517
148.20528482187058,144.8075839475065,146.04871990605585,148.04520771277464,141.52188955729423
125.58168916896408,129.10879916894356,140.05888475992614,129.32431830954047,135.53798183842605
186.0735683515559,174.11545814182145,173.86417468612555,176.30455997845786,180.58127988995437
159.63991781806718,157.76130691010982,164.60237710178114,161.7084826346205,167.15217357357483
135.37226702333086,139.4022858292471,134.82786053486365,140.65759702740573,127.94200500184536
117.9704355189996,123.05816945629367,115.27997656688221,120.86849774346148,102.86686662333267
174.62156627105216,171.0161374731624,178.31625557170977,172.77298922707587,183.34046489773115
182.56705894159543,181.27710850281008,184.37600850106,181.78324179922478,191.52041885023024
202.78380935992453,206.8108656995169,181.01255093449586,206.39884671700963,189.240285178085
